{
    "simple": {
        "rouge1": 0.253492186106567,
        "rougeL": 0.20818252194431913,
        "bert_precision": -0.7378634214401245,
        "bert_recall": -0.20099088549613953,
        "bert_f1": -0.48964831233024597
    },
    "semi_advanced": {
        "rouge1": 0.2946193324074198,
        "rougeL": 0.25859772545444265,
        "bert_precision": -0.4581140875816345,
        "bert_recall": 0.18770036101341248,
        "bert_f1": -0.15944334864616394
    },
    "advanced": {
        "rouge1": 0.15831005306173804,
        "rougeL": 0.1056736284140833,
        "bert_precision": -0.5298107266426086,
        "bert_recall": -0.06754402071237564,
        "bert_f1": -0.31026798486709595
    }
}